Gene_set,Term,Overlap,P-value,Adjusted P-value,Old P-value,Old Adjusted P-value,Odds Ratio,Combined Score,Genes,cell_type
GO_Biological_Process_2023,Positive Regulation Of Plasminogen Activation (GO:0010756),2/7,6.918336203504576e-06,0.0013283205510728,0,0,799.32,9496.988892240155,ENO1;S100A10,M-TAL
GO_Biological_Process_2023,Regulation Of Plasminogen Activation (GO:0010755),2/16,3.941561644068303e-05,0.0037838991783055,0,0,285.3428571428572,2893.761345949524,ENO1;S100A10,M-TAL
GO_Biological_Process_2023,Positive Regulation Of Protein Processing (GO:0010954),2/20,6.232515501994467e-05,0.0039888099212764,0,0,221.88888888888889,2148.58238291385,ENO1;S100A10,M-TAL
GO_Biological_Process_2023,Regulation Of Fibroblast Proliferation (GO:0048145),2/46,0.00033658272069457453,0.0161559705933395,0,0,90.65454545454546,724.9341768950484,GSTP1;S100A6,M-TAL
GO_Biological_Process_2023,Regulation Of Extrinsic Apoptotic Signaling Pathway (GO:2001236),2/60,0.0005729274139905555,0.0220004126972373,0,0,68.72413793103448,513.0086135231461,GSTP1;AKR1B1,M-TAL
GO_Biological_Process_2023,Negative Regulation Of Extrinsic Apoptotic Signaling Pathway (GO:2001237),2/70,0.0007791063560372328,0.0249314033931914,0,0,58.588235294117645,419.3372670889321,GSTP1;AKR1B1,M-TAL
GO_Biological_Process_2023,Negative Regulation Of Apoptotic Signaling Pathway (GO:2001234),2/82,0.0010671176551602,0.0292695128272535,0,0,49.77,340.56585964390086,GSTP1;AKR1B1,M-TAL
GO_Biological_Process_2023,Negative Regulation Of Macromolecule Biosynthetic Process (GO:0010558),2/98,0.0015191345837264,0.0364592300094345,0,0,41.44166666666667,268.9404392083059,GSTP1;AKR1B1,M-TAL
GO_Biological_Process_2023,Negative Regulation Of MAPK Cascade (GO:0043409),2/105,0.0017410380522162,0.0371421451139473,0,0,38.61165048543689,245.3103859330245,GSTP1;PEBP1,M-TAL
GO_Biological_Process_2023,Positive Regulation Of Cellular Component Organization (GO:0051130),2/113,0.0020124476555341,0.038638994986255,0,0,35.814414414414415,222.3503379025732,AKR1B1;S100A10,M-TAL
GO_Biological_Process_2023,Ruffle Assembly (GO:0097178),1/5,0.0029966530298936,0.0423715210606536,0,0,454.1818181818182,2638.914119276588,AIF1L,M-TAL
GO_Biological_Process_2023,Negative Regulation Of Cellular Response To Hypoxia (GO:1900038),1/5,0.0029966530298936,0.0423715210606536,0,0,454.1818181818182,2638.914119276588,ENO1,M-TAL
GO_Biological_Process_2023,Regulation Of Plasma Membrane Repair (GO:1905684),1/5,0.0029966530298936,0.0423715210606536,0,0,454.1818181818182,2638.914119276588,S100A10,M-TAL
GO_Biological_Process_2023,Negative Regulation Of Stress-Activated Protein Kinase Signaling Cascade (GO:0070303),1/6,0.0035949984464796,0.0423715210606536,0,0,363.3272727272727,2044.8828145385055,GSTP1,M-TAL
GO_Biological_Process_2023,Negative Regulation Of Acute Inflammatory Response (GO:0002674),1/6,0.0035949984464796,0.0423715210606536,0,0,363.3272727272727,2044.8828145385055,GSTP1,M-TAL
GO_Biological_Process_2023,Hepoxilin Metabolic Process (GO:0051121),1/7,0.0041930151049605,0.0423715210606536,0,0,302.7575757575757,1657.3964565725007,GSTP1,M-TAL
GO_Biological_Process_2023,Regulation Of Leukocyte Proliferation (GO:0070663),1/7,0.0041930151049605,0.0423715210606536,0,0,302.7575757575757,1657.3964565725007,GSTP1,M-TAL
GO_Biological_Process_2023,Negative Regulation Of Leukocyte Proliferation (GO:0070664),1/7,0.0041930151049605,0.0423715210606536,0,0,302.7575757575757,1657.3964565725007,GSTP1,M-TAL
GO_Biological_Process_2023,Hepoxilin Biosynthetic Process (GO:0051122),1/7,0.0041930151049605,0.0423715210606536,0,0,302.7575757575757,1657.3964565725007,GSTP1,M-TAL
GO_Biological_Process_2023,Positive Regulation Of ATP Metabolic Process (GO:1903580),1/9,0.0053880625223818,0.0449406890930234,0,0,227.04545454545453,1185.9876925180256,ENO1,M-TAL
GO_Biological_Process_2023,Removal Of Superoxide Radicals (GO:0019430),1/10,0.0059850935124877,0.0449406890930234,0,0,201.8080808080808,1032.9512945731403,PRDX1,M-TAL
GO_Biological_Process_2023,Regulation Of Biosynthetic Process (GO:0009889),1/10,0.0059850935124877,0.0449406890930234,0,0,201.8080808080808,1032.9512945731403,GSTP1,M-TAL
GO_Biological_Process_2023,Regulation Of MAPK Cascade (GO:0043408),2/204,0.0063883635667253,0.0449406890930234,0,0,19.59009900990099,98.99419942329884,GSTP1;PEBP1,M-TAL
GO_Biological_Process_2023,Regulation Of Monocyte Chemotactic Protein-1 Production (GO:0071637),1/11,0.0065817961978748,0.0449406890930234,0,0,181.61818181818185,912.3494182081016,GSTP1,M-TAL
GO_Biological_Process_2023,Regulation Of Stress-Activated Protein Kinase Signaling Cascade (GO:0070302),1/11,0.0065817961978748,0.0449406890930234,0,0,181.61818181818185,912.3494182081016,GSTP1,M-TAL
GO_Biological_Process_2023,Positive Regulation Of Muscle Contraction (GO:0045933),1/11,0.0065817961978748,0.0449406890930234,0,0,181.61818181818185,912.3494182081016,ENO1,M-TAL
GO_Biological_Process_2023,Cellular Response To Superoxide (GO:0071451),1/11,0.0065817961978748,0.0449406890930234,0,0,181.61818181818185,912.3494182081016,PRDX1,M-TAL
GO_Biological_Process_2023,Negative Regulation Of JUN Kinase Activity (GO:0043508),1/12,0.0071781707148818,0.0449406890930234,0,0,165.099173553719,815.046857216495,GSTP1,M-TAL
GO_Biological_Process_2023,Positive Regulation Of Superoxide Anion Generation (GO:0032930),1/13,0.0077742172076079,0.0449406890930234,0,0,151.33333333333334,735.0172993440868,GSTP1,M-TAL
GO_Biological_Process_2023,Regulation Of Nitric-Oxide Synthase Biosynthetic Process (GO:0051769),1/13,0.0077742172076079,0.0449406890930234,0,0,151.33333333333334,735.0172993440868,GSTP1,M-TAL
GO_Biological_Process_2023,Cellular Response To Lipid (GO:0071396),2/228,0.0079205064055466,0.0449406890930234,0,0,17.48849557522124,84.61459050438674,GSTP1;AKR1B1,M-TAL
GO_Biological_Process_2023,Negative Regulation Of Intracellular Signal Transduction (GO:1902532),2/231,0.0081226584896954,0.0449406890930234,0,0,17.256768558951965,83.05851440971854,GSTP1;PEBP1,M-TAL
GO_Biological_Process_2023,Membrane Raft Organization (GO:0031579),1/14,0.0083699358209422,0.0449406890930234,0,0,139.6853146853147,668.1300945358273,S100A10,M-TAL
GO_Biological_Process_2023,Regulation Of Superoxide Anion Generation (GO:0032928),1/14,0.0083699358209422,0.0449406890930234,0,0,139.6853146853147,668.1300945358273,GSTP1,M-TAL
GO_Biological_Process_2023,Regulation Of ATP Biosynthetic Process (GO:2001169),1/14,0.0083699358209422,0.0449406890930234,0,0,139.6853146853147,668.1300945358273,ENO1,M-TAL
GO_Biological_Process_2023,Prostanoid Metabolic Process (GO:0006692),1/16,0.0095603900128118,0.0449406890930234,0,0,121.04848484848485,562.8907982194623,GSTP1,M-TAL
GO_Biological_Process_2023,Negative Regulation Of Biosynthetic Process (GO:0009890),1/16,0.0095603900128118,0.0449406890930234,0,0,121.04848484848485,562.8907982194623,GSTP1,M-TAL
GO_Biological_Process_2023,Ruffle Organization (GO:0031529),1/16,0.0095603900128118,0.0449406890930234,0,0,121.04848484848485,562.8907982194623,AIF1L,M-TAL
GO_Biological_Process_2023,Negative Regulation Of Chemokine Production (GO:0032682),1/16,0.0095603900128118,0.0449406890930234,0,0,121.04848484848485,562.8907982194623,GSTP1,M-TAL
GO_Biological_Process_2023,Negative Regulation Of Fibroblast Proliferation (GO:0048147),1/17,0.0101551258956082,0.0449406890930234,0,0,113.47727272727272,520.8353408254836,GSTP1,M-TAL
GO_Biological_Process_2023,Icosanoid Biosynthetic Process (GO:0046456),1/18,0.0107495345067081,0.0449406890930234,0,0,106.79679144385028,484.0984098875249,MGST3,M-TAL
GO_Biological_Process_2023,Positive Regulation Of Focal Adhesion Assembly (GO:0051894),1/18,0.0107495345067081,0.0449406890930234,0,0,106.79679144385028,484.0984098875249,S100A10,M-TAL
GO_Biological_Process_2023,Xenobiotic Catabolic Process (GO:0042178),1/19,0.0113436160025479,0.0449406890930234,0,0,100.85858585858584,451.7557080600296,GSTM3,M-TAL
GO_Biological_Process_2023,Regulation Of Acute Inflammatory Response (GO:0002673),1/19,0.0113436160025479,0.0449406890930234,0,0,100.85858585858584,451.7557080600296,GSTP1,M-TAL
GO_Biological_Process_2023,Leukotriene Biosynthetic Process (GO:0019370),1/19,0.0113436160025479,0.0449406890930234,0,0,100.85858585858584,451.7557080600296,MGST3,M-TAL
GO_Biological_Process_2023,Linoleic Acid Metabolic Process (GO:0043651),1/19,0.0113436160025479,0.0449406890930234,0,0,100.85858585858584,451.7557080600296,GSTP1,M-TAL
GO_Biological_Process_2023,Regulation Of Protein Localization To Cell Periphery (GO:1904375),1/20,0.0119373705403343,0.0449406890930234,0,0,95.54545454545456,423.0830518492731,AKR1B1,M-TAL
GO_Biological_Process_2023,Hydrogen Peroxide Catabolic Process (GO:0042744),1/20,0.0119373705403343,0.0449406890930234,0,0,95.54545454545456,423.0830518492731,PRDX1,M-TAL
GO_Biological_Process_2023,Peripheral Nervous System Development (GO:0007422),1/20,0.0119373705403343,0.0449406890930234,0,0,95.54545454545456,423.0830518492731,GSTM3,M-TAL
GO_Biological_Process_2023,Leukotriene Metabolic Process (GO:0006691),1/20,0.0119373705403343,0.0449406890930234,0,0,95.54545454545456,423.0830518492731,MGST3,M-TAL
GO_Biological_Process_2023,Endothelial Cell Development (GO:0001885),1/20,0.0119373705403343,0.0449406890930234,0,0,95.54545454545456,423.0830518492731,GSTM3,M-TAL
GO_Biological_Process_2023,Negative Regulation Of Tumor Necrosis Factor-Mediated Signaling Pathway (GO:0010804),1/21,0.0125307982775315,0.0462675628708857,0,0,90.76363636363637,397.5053179562565,GSTP1,M-TAL
GO_Biological_Process_2023,Positive Regulation Of Cell-Substrate Junction Organization (GO:0150117),1/23,0.013716673976595,0.0496905925189856,0,0,82.50413223140495,353.872030109198,S100A10,M-TAL
GO_Biological_Process_2023,Cellular Response To Steroid Hormone Stimulus (GO:0071383),1/25,0.0149012443701484,0.052018889437609,0,0,75.62121212121212,318.08630270790064,AKR1B1,M-TAL
GO_Biological_Process_2023,Long-Chain Fatty Acid Biosynthetic Process (GO:0042759),1/25,0.0149012443701484,0.052018889437609,0,0,75.62121212121212,318.08630270790064,GSTP1,M-TAL
GO_Biological_Process_2023,Negative Regulation Of Interleukin-1 Beta Production (GO:0032691),1/26,0.0154930404733183,0.05311899590852,0,0,72.59272727272727,302.5203442580517,GSTP1,M-TAL
GO_Biological_Process_2023,Regulation Of Protein Localization To Membrane (GO:1905475),1/28,0.0166756552976705,0.0534703721407134,0,0,67.20875420875421,275.1395602176083,AKR1B1,M-TAL
GO_Biological_Process_2023,Diterpenoid Metabolic Process (GO:0016101),1/28,0.0166756552976705,0.0534703721407134,0,0,67.20875420875421,275.1395602176083,AKR1B1,M-TAL
GO_Biological_Process_2023,Positive Regulation Of Fibroblast Proliferation (GO:0048146),1/28,0.0166756552976705,0.0534703721407134,0,0,67.20875420875421,275.1395602176083,S100A6,M-TAL
GO_Biological_Process_2023,Response To Steroid Hormone (GO:0048545),1/29,0.0172664743371053,0.0534703721407134,0,0,64.8051948051948,263.043544162992,AKR1B1,M-TAL
GO_Biological_Process_2023,Regulation Of Muscle Contraction (GO:0006937),1/29,0.0172664743371053,0.0534703721407134,0,0,64.8051948051948,263.043544162992,ENO1,M-TAL
GO_Biological_Process_2023,Glycolytic Process (GO:0006096),1/29,0.0172664743371053,0.0534703721407134,0,0,64.8051948051948,263.043544162992,ENO1,M-TAL
GO_Biological_Process_2023,Prostaglandin Metabolic Process (GO:0006693),1/30,0.0178569680089386,0.0535709040268158,0,0,62.56739811912226,251.8563944353508,GSTP1,M-TAL
GO_Biological_Process_2023,Negative Regulation Of Interleukin-1 Production (GO:0032692),1/30,0.0178569680089386,0.0535709040268158,0,0,62.56739811912226,251.8563944353508,GSTP1,M-TAL
GO_Biological_Process_2023,Gluconeogenesis (GO:0006094),1/32,0.0190369798873027,0.0540958733849282,0,0,58.52492668621701,231.83899894541256,ENO1,M-TAL
GO_Biological_Process_2023,Vesicle Budding From Membrane (GO:0006900),1/32,0.0190369798873027,0.0540958733849282,0,0,58.52492668621701,231.83899894541256,S100A10,M-TAL
GO_Biological_Process_2023,Actin Filament Bundle Assembly (GO:0051017),1/33,0.0196264984148835,0.0540958733849282,0,0,56.69318181818182,222.85379213708367,AIF1L,M-TAL
GO_Biological_Process_2023,Actin Filament Bundle Organization (GO:0061572),1/33,0.0196264984148835,0.0540958733849282,0,0,56.69318181818182,222.85379213708367,AIF1L,M-TAL
GO_Biological_Process_2023,Superoxide Metabolic Process (GO:0006801),1/34,0.020215692219209,0.0540958733849282,0,0,54.972451790633606,214.4638136267328,PRDX1,M-TAL
GO_Biological_Process_2023,Response To Estrogen (GO:0043627),1/34,0.020215692219209,0.0540958733849282,0,0,54.972451790633606,214.4638136267328,GSTM3,M-TAL
GO_Biological_Process_2023,Negative Regulation Of JNK Cascade (GO:0046329),1/34,0.020215692219209,0.0540958733849282,0,0,54.972451790633606,214.4638136267328,GSTP1,M-TAL
GO_Biological_Process_2023,Hexose Biosynthetic Process (GO:0019319),1/35,0.0208045614562384,0.0540958733849282,0,0,53.35294117647059,206.61369382894844,ENO1,M-TAL
GO_Biological_Process_2023,Positive Regulation Of Substrate Adhesion-Dependent Cell Spreading (GO:1900026),1/35,0.0208045614562384,0.0540958733849282,0,0,53.35294117647059,206.61369382894844,S100A10,M-TAL
GO_Biological_Process_2023,Negative Regulation Of Cell Population Proliferation (GO:0008285),2/379,0.020849451200441,0.0540958733849282,0,0,10.403713527851458,40.26682052590156,GSTP1;AKR1B1,M-TAL
GO_Biological_Process_2023,Negative Regulation Of Stress-Activated MAPK Cascade (GO:0032873),1/37,0.0219813268798694,0.0555317731701965,0,0,50.38383838383838,192.34342502593887,GSTP1,M-TAL
GO_Biological_Process_2023,Positive Regulation Of Exocytosis (GO:0045921),1/37,0.0219813268798694,0.0555317731701965,0,0,50.38383838383838,192.34342502593887,S100A10,M-TAL
GO_Biological_Process_2023,mRNA Transcription By RNA Polymerase II (GO:0042789),1/38,0.0225692233861094,0.0555550114119617,0,0,49.01965601965602,185.8417560701345,S100A10,M-TAL
GO_Biological_Process_2023,Membrane Assembly (GO:0071709),1/38,0.0225692233861094,0.0555550114119617,0,0,49.01965601965602,185.8417560701345,S100A10,M-TAL
GO_Biological_Process_2023,Retina Homeostasis (GO:0001895),1/39,0.0231567959712164,0.0562798079300449,0,0,47.72727272727273,179.71546945510647,PRDX1,M-TAL
GO_Biological_Process_2023,Retinoid Metabolic Process (GO:0001523),1/40,0.023744044790362,0.056814041674524,0,0,46.5011655011655,173.93405340895535,AKR1B1,M-TAL
GO_Biological_Process_2023,Carbohydrate Catabolic Process (GO:0016052),1/41,0.0243309700172123,0.056814041674524,0,0,45.33636363636364,168.47016546086343,ENO1,M-TAL
GO_Biological_Process_2023,Negative Regulation Of I-kappaB kinase/NF-kappaB Signaling (GO:0043124),1/42,0.0249175717978689,0.056814041674524,0,0,44.22838137472284,163.29923491461832,GSTP1,M-TAL
GO_Biological_Process_2023,mRNA Transcription (GO:0009299),1/43,0.0255038503063682,0.056814041674524,0,0,43.17316017316017,158.39912320457492,S100A10,M-TAL
GO_Biological_Process_2023,Regulation Of JUN Kinase Activity (GO:0043506),1/43,0.0255038503063682,0.056814041674524,0,0,43.17316017316017,158.39912320457492,GSTP1,M-TAL
GO_Biological_Process_2023,Positive Regulation Of Stress Fiber Assembly (GO:0051496),1/43,0.0255038503063682,0.056814041674524,0,0,43.17316017316017,158.39912320457492,S100A10,M-TAL
GO_Biological_Process_2023,Positive Regulation Of Cell-Matrix Adhesion (GO:0001954),1/43,0.0255038503063682,0.056814041674524,0,0,43.17316017316017,158.39912320457492,S100A10,M-TAL
GO_Biological_Process_2023,Cellular Response To Ketone (GO:1901655),1/44,0.02608980569517,0.056814041674524,0,0,42.16701902748415,153.74983290143678,AKR1B1,M-TAL
GO_Biological_Process_2023,Natural Killer Cell Activation (GO:0030101),1/45,0.0266754381277838,0.056814041674524,0,0,41.20661157024794,149.33325716982057,PRDX1,M-TAL
GO_Biological_Process_2023,Male Gonad Development (GO:0008584),1/46,0.0272607477638806,0.056814041674524,0,0,40.28888888888889,145.1329634798573,AKR1B1,M-TAL
GO_Biological_Process_2023,Development Of Primary Male Sexual Characteristics (GO:0046546),1/46,0.0272607477638806,0.056814041674524,0,0,40.28888888888889,145.1329634798573,AKR1B1,M-TAL
GO_Biological_Process_2023,Regulation Of Nervous System Development (GO:0051960),1/46,0.0272607477638806,0.056814041674524,0,0,40.28888888888889,145.1329634798573,S100A10,M-TAL
GO_Biological_Process_2023,Negative Regulation Of Tumor Necrosis Factor Production (GO:0032720),1/47,0.0278457347637399,0.056814041674524,0,0,39.41106719367589,141.13400615713857,GSTP1,M-TAL
GO_Biological_Process_2023,Positive Regulation Of Reactive Oxygen Species Metabolic Process (GO:2000379),1/48,0.0284303992895407,0.056814041674524,0,0,38.57059961315281,137.3227634294791,GSTP1,M-TAL
GO_Biological_Process_2023,Negative Regulation Of ERK1 And ERK2 Cascade (GO:0070373),1/48,0.0284303992895407,0.056814041674524,0,0,38.57059961315281,137.3227634294791,GSTP1,M-TAL
GO_Biological_Process_2023,Regulation Of Tumor Necrosis Factor-Mediated Signaling Pathway (GO:0010803),1/48,0.0284303992895407,0.056814041674524,0,0,38.57059961315281,137.3227634294791,GSTP1,M-TAL
GO_Biological_Process_2023,Negative Regulation Of Tumor Necrosis Factor Superfamily Cytokine Production (GO:1903556),1/49,0.0290147415071519,0.056814041674524,0,0,37.76515151515152,133.68679532449664,GSTP1,M-TAL
GO_Biological_Process_2023,Unsaturated Fatty Acid Metabolic Process (GO:0033559),1/49,0.0290147415071519,0.056814041674524,0,0,37.76515151515152,133.68679532449664,GSTP1,M-TAL
GO_Biological_Process_2023,Pyruvate Metabolic Process (GO:0006090),1/50,0.029598761568907,0.056814041674524,0,0,36.99257884972171,130.2147194065139,ENO1,M-TAL
GO_Biological_Process_2023,Positive Regulation Of Actin Filament Bundle Assembly (GO:0032233),1/51,0.0301824596395908,0.056814041674524,0,0,36.25090909090909,126.8961017290174,S100A10,M-TAL
GO_Biological_Process_2023,Negative Regulation Of MAP Kinase Activity (GO:0043407),1/51,0.0301824596395908,0.056814041674524,0,0,36.25090909090909,126.8961017290174,GSTP1,M-TAL
GO_Biological_Process_2023,Regulation Of Stress-Activated MAPK Cascade (GO:0032872),1/51,0.0301824596395908,0.056814041674524,0,0,36.25090909090909,126.8961017290174,GSTP1,M-TAL
GO_Biological_Process_2023,Regulation Of Substrate Adhesion-Dependent Cell Spreading (GO:1900024),1/51,0.0301824596395908,0.056814041674524,0,0,36.25090909090909,126.8961017290174,S100A10,M-TAL
GO_Biological_Process_2023,Regulation Of Cell Development (GO:0060284),1/52,0.030765835877853,0.0572978664733408,0,0,35.53832442067736,123.7213609818225,S100A10,M-TAL
GO_Biological_Process_2023,Negative Regulation Of Metabolic Process (GO:0009892),1/53,0.0313488904458292,0.0572978664733408,0,0,34.85314685314685,120.68168393395273,GSTP1,M-TAL
GO_Biological_Process_2023,Gonad Development (GO:0008406),1/53,0.0313488904458292,0.0572978664733408,0,0,34.85314685314685,120.68168393395273,AKR1B1,M-TAL
GO_Biological_Process_2023,Regulation Of Exocytosis (GO:0017157),1/54,0.0319316235033722,0.0572978664733408,0,0,34.19382504288165,117.768950701619,S100A10,M-TAL
GO_Biological_Process_2023,Regulation Of Focal Adhesion Assembly (GO:0051893),1/54,0.0319316235033722,0.0572978664733408,0,0,34.19382504288165,117.768950701619,S100A10,M-TAL
GO_Biological_Process_2023,Positive Regulation Of Cell Population Proliferation (GO:0008284),2/483,0.0327292649859454,0.058185359975014,0,0,8.11101871101871,27.73551206984556,S100A6;AKR1B1,M-TAL
GO_Biological_Process_2023,Glucose Metabolic Process (GO:0006006),1/59,0.0348404717697619,0.0608124598163116,0,0,31.238244514106583,104.86602418496526,ENO1,M-TAL
GO_Biological_Process_2023,Negative Regulation Of Cytokine-Mediated Signaling Pathway (GO:0001960),1/59,0.0348404717697619,0.0608124598163116,0,0,31.238244514106583,104.86602418496526,GSTP1,M-TAL
GO_Biological_Process_2023,Negative Regulation Of Intrinsic Apoptotic Signaling Pathway (GO:2001243),1/61,0.0360017661286567,0.0617173133634116,0,0,30.193939393939395,100.37030934492944,ENO1,M-TAL
GO_Biological_Process_2023,Positive Regulation Of Cell Junction Assembly (GO:1901890),1/61,0.0360017661286567,0.0617173133634116,0,0,30.193939393939395,100.37030934492944,S100A10,M-TAL
GO_Biological_Process_2023,Negative Regulation Of Kinase Activity (GO:0033673),1/62,0.0365819328842958,0.0621569125113698,0,0,29.69746646795827,98.24518225287432,GSTP1,M-TAL
GO_Biological_Process_2023,Response To Reactive Oxygen Species (GO:0000302),1/66,0.0388994008510199,0.0655147803806651,0,0,27.864335664335663,90.46926829385504,GSTP1,M-TAL
GO_Biological_Process_2023,Regulation Of Neurogenesis (GO:0050767),1/67,0.0394779688739908,0.0657853871113928,0,0,27.44077134986226,88.6889163609223,S100A10,M-TAL
GO_Biological_Process_2023,Negative Regulation Of Cellular Process (GO:0048523),2/537,0.0397453380464665,0.0657853871113928,0,0,7.27214953271028,23.454592830182968,AKR1B1;ENO1,M-TAL
GO_Biological_Process_2023,Sulfur Compound Biosynthetic Process (GO:0044272),1/70,0.0412117579843178,0.0676295515640087,0,0,26.24374176548089,83.69212377043256,GSTP1,M-TAL
GO_Biological_Process_2023,Positive Regulation Of Cell-Substrate Adhesion (GO:0010811),1/71,0.0417890499051231,0.0679957422185055,0,0,25.867532467532467,82.13254394590726,S100A10,M-TAL
GO_Biological_Process_2023,Positive Regulation Of Secretion By Cell (GO:1903532),1/73,0.0429426780134261,0.0692856653662001,0,0,25.146464646464647,79.15828251915687,S100A10,M-TAL
GO_Biological_Process_2023,Regulation Of Stress Fiber Assembly (GO:0051492),1/75,0.0440950328838916,0.0705520526142266,0,0,24.464373464373462,76.36329437117712,S100A10,M-TAL
GO_Biological_Process_2023,Cell Morphogenesis Involved In Neuron Differentiation (GO:0048667),1/77,0.045246115804659,0.0717954895412771,0,0,23.818181818181817,73.7324794714548,S100A6,M-TAL
GO_Biological_Process_2023,Long-Chain Fatty Acid Metabolic Process (GO:0001676),1/78,0.0458211806762041,0.0721120220477967,0,0,23.50767414403778,72.47436706660488,GSTP1,M-TAL
GO_Biological_Process_2023,Negative Regulation Of Cellular Component Organization (GO:0051129),1/79,0.0463959280371103,0.0721464699580267,0,0,23.205128205128204,71.25235746632562,AKR1B1,M-TAL
GO_Biological_Process_2023,Negative Regulation Of Protein Serine/Threonine Kinase Activity (GO:0071901),1/80,0.0469703580455903,0.0721464699580267,0,0,22.9102416570771,70.06498436559322,GSTP1,M-TAL
GO_Biological_Process_2023,Regulation Of Protein Localization To Plasma Membrane (GO:1903076),1/80,0.0469703580455903,0.0721464699580267,0,0,22.9102416570771,70.06498436559322,AKR1B1,M-TAL
GO_Biological_Process_2023,Regulation Of Interleukin-1 Beta Production (GO:0032651),1/84,0.0492649077299012,0.0750703355884208,0,0,21.801752464403062,65.63511898463041,GSTP1,M-TAL
GO_Biological_Process_2023,Negative Regulation Of Protein Kinase Activity (GO:0006469),1/88,0.051554392476265,0.077940498861755,0,0,20.79519331243469,61.66019917757629,GSTP1,M-TAL
GO_Biological_Process_2023,Cellular Response To Hormone Stimulus (GO:0032870),1/94,0.0549791450637696,0.0818294252111919,0,0,19.44770283479961,56.41392256593172,AKR1B1,M-TAL
GO_Biological_Process_2023,Vesicle Organization (GO:0016050),1/94,0.0549791450637696,0.0818294252111919,0,0,19.44770283479961,56.41392256593172,S100A10,M-TAL
GO_Biological_Process_2023,Mitochondrial Translation (GO:0032543),1/98,0.0572560118631968,0.0845627252133369,0,0,18.64198687910028,53.32023276493544,MRPS6,M-TAL
GO_Biological_Process_2023,Axon Development (GO:0061564),1/99,0.0578244423082685,0.0847503276579202,0,0,18.450834879406308,52.5912212421319,S100A6,M-TAL
GO_Biological_Process_2023,Mitochondrial Gene Expression (GO:0140053),1/103,0.0600950238596901,0.0874109437959129,0,0,17.723707664884135,49.836021703830525,MRPS6,M-TAL
GO_Biological_Process_2023,Negative Regulation Of Inflammatory Response (GO:0050728),1/111,0.064621146449885,0.0932876700629919,0,0,16.42809917355372,45.00007230598145,GSTP1,M-TAL
GO_Biological_Process_2023,Regulation Of MAP Kinase Activity (GO:0043405),1/114,0.066313285228921,0.0950160504772599,0,0,15.989541432019308,43.38546242886158,GSTP1,M-TAL
GO_Biological_Process_2023,Cellular Response To Molecule Of Bacterial Origin (GO:0071219),1/117,0.0680026175749908,0.0967148338844314,0,0,15.573667711598748,41.86527496363525,GSTP1,M-TAL
GO_Biological_Process_2023,Regulation Of Protein Kinase Activity (GO:0045859),1/119,0.0691272821079329,0.0975914570935523,0,0,15.308166409861323,40.90044788489106,GSTP1,M-TAL
GO_Biological_Process_2023,Positive Regulation Of Macromolecule Biosynthetic Process (GO:0010557),1/122,0.070811946480989,0.0986516611698614,0,0,14.926371149511644,39.52096421722127,AKR1B1,M-TAL
GO_Biological_Process_2023,Organonitrogen Compound Biosynthetic Process (GO:1901566),1/123,0.0713728799194129,0.0986516611698614,0,0,14.80327868852459,39.07824746413377,GSTP1,M-TAL
GO_Biological_Process_2023,Negative Regulation Of Growth (GO:0045926),1/124,0.0719335029363573,0.0986516611698614,0,0,14.682187730968218,38.64371128216157,ENO1,M-TAL
GO_Biological_Process_2023,Cellular Response To Lipopolysaccharide (GO:0071222),1/124,0.0719335029363573,0.0986516611698614,0,0,14.682187730968218,38.64371128216157,GSTP1,M-TAL
GO_Biological_Process_2023,Negative Regulation Of Cell Growth (GO:0030308),1/125,0.0724938156944449,0.0987149830732866,0,0,14.563049853372434,38.21714214339772,ENO1,M-TAL
GO_Biological_Process_2023,Regulation Of Tumor Necrosis Factor Production (GO:0032680),1/127,0.0736135110460111,0.0995337614143248,0,0,14.330447330447331,37.38708660746238,GSTP1,M-TAL
GO_Biological_Process_2023,Negative Regulation Of Transcription By RNA Polymerase II (GO:0000122),2/763,0.0744805597282881,0.1000018704044148,0,0,5.053088042049934,13.123966826721093,AKR1B1;ENO1,M-TAL
GO_Biological_Process_2023,Protein Localization To Plasma Membrane (GO:0072659),1/137,0.0791934251499148,0.1055912335332198,0,0,13.270053475935828,33.65102433952089,S100A10,M-TAL
GO_Biological_Process_2023,Protein Localization To Cell Periphery (GO:1990778),1/142,0.0819718135764,0.1085419876321986,0,0,12.796260477111542,32.008307827212725,S100A10,M-TAL
GO_Biological_Process_2023,Neuron Projection Morphogenesis (GO:0048812),1/146,0.084188989039227,0.1107142869556957,0,0,12.440752351097178,30.7870195907104,S100A6,M-TAL
GO_Biological_Process_2023,Negative Regulation Of Protein Phosphorylation (GO:0001933),1/149,0.0858486482289488,0.1113712193240417,0,0,12.186732186732186,29.920492407790988,GSTP1,M-TAL
GO_Biological_Process_2023,Skeletal System Development (GO:0001501),1/149,0.0858486482289488,0.1113712193240417,0,0,12.186732186732186,29.920492407790988,PRDX1,M-TAL
GO_Biological_Process_2023,Cellular Response To Organic Cyclic Compound (GO:0071407),1/152,0.0875055499955367,0.112007103994287,0,0,11.94280553883203,29.093307967223456,AKR1B1,M-TAL
GO_Biological_Process_2023,Positive Regulation Of NF-kappaB Transcription Factor Activity (GO:0051092),1/152,0.0875055499955367,0.112007103994287,0,0,11.94280553883203,29.093307967223456,AKR1B1,M-TAL
GO_Biological_Process_2023,Peptide Biosynthetic Process (GO:0043043),1/158,0.0908110978807797,0.1154033105209969,0,0,11.48291835552982,27.547220023939616,MRPS6,M-TAL
GO_Biological_Process_2023,Response To Lipopolysaccharide (GO:0032496),1/159,0.0913609541624559,0.1154033105209969,0,0,11.409666283084004,27.302613623548904,GSTP1,M-TAL
GO_Biological_Process_2023,Membrane Organization (GO:0061024),1/167,0.0957488429223603,0.1201554107260993,0,0,10.855421686746988,25.4671095006736,S100A10,M-TAL
GO_Biological_Process_2023,Positive Regulation Of Hydrolase Activity (GO:0051345),1/176,0.1006619951675365,0.1255006692997857,0,0,10.292467532467532,23.631371209609924,S100A10,M-TAL
GO_Biological_Process_2023,Macromolecule Biosynthetic Process (GO:0009059),1/183,0.1044664047104759,0.1294035464800735,0,0,9.893106893106893,22.34743770988841,MRPS6,M-TAL
GO_Biological_Process_2023,Positive Regulation Of Transcription By RNA Polymerase II (GO:0045944),2/938,0.1062491760854498,0.1307682167205536,0,0,4.070940170940171,9.12691851196366,AKR1B1;S100A10,M-TAL
GO_Biological_Process_2023,Axonogenesis (GO:0007409),1/188,0.1071748018349397,0.1310672735815823,0,0,9.626154594069032,21.49803440968974,S100A6,M-TAL
GO_Biological_Process_2023,Protein Localization To Membrane (GO:0072657),1/192,0.1093361111686029,0.1318508263291831,0,0,9.42265587815326,20.855433296054045,S100A10,M-TAL
GO_Biological_Process_2023,Transcription By RNA Polymerase II (GO:0006366),1/192,0.1093361111686029,0.1318508263291831,0,0,9.42265587815326,20.855433296054045,S100A10,M-TAL
GO_Biological_Process_2023,Regulation Of Cell Differentiation (GO:0045595),1/193,0.1098756886076526,0.1318508263291831,0,0,9.37310606060606,20.69962043670308,AKR1B1,M-TAL
GO_Biological_Process_2023,Regulation Of Transcription By RNA Polymerase II (GO:0006357),3/2028,0.1144168327332582,0.1364474030110905,0,0,2.956872427983539,6.410224646396168,AKR1B1;ENO1;S100A10,M-TAL
GO_Biological_Process_2023,Regulation Of GTPase Activity (GO:0043087),1/214,0.121137826387134,0.1435707571995663,0,0,8.440034144259496,17.815446218233806,S100A10,M-TAL
GO_Biological_Process_2023,Negative Regulation Of DNA-templated Transcription (GO:0045892),2/1025,0.1232842019393646,0.1452182010574111,0,0,3.70772238514174,7.761238098043152,AKR1B1;ENO1,M-TAL
GO_Biological_Process_2023,Regulation Of Cell Growth (GO:0001558),1/227,0.1280440118866502,0.1496714841484534,0,0,7.949316170555108,16.33887525861644,ENO1,M-TAL
GO_Biological_Process_2023,Positive Regulation Of Phosphorylation (GO:0042327),1/231,0.1301589620453824,0.1496714841484534,0,0,7.809486166007905,15.923532847344015,AKR1B1,M-TAL
GO_Biological_Process_2023,Regulation Of I-kappaB kinase/NF-kappaB Signaling (GO:0043122),1/232,0.1306869643134872,0.1496714841484534,0,0,7.775285320739866,15.822319979694852,GSTP1,M-TAL
GO_Biological_Process_2023,Positive Regulation Of Developmental Process (GO:0051094),1/233,0.1312146728079908,0.1496714841484534,0,0,7.741379310344827,15.722126507086696,AKR1B1,M-TAL
GO_Biological_Process_2023,Translation (GO:0006412),1/234,0.1317420876098366,0.1496714841484534,0,0,7.707764338665626,15.622938059895318,MRPS6,M-TAL
GO_Biological_Process_2023,Positive Regulation Of GTPase Activity (GO:0043547),1/234,0.1317420876098366,0.1496714841484534,0,0,7.707764338665626,15.622938059895318,S100A10,M-TAL
GO_Biological_Process_2023,Regulation Of ERK1 And ERK2 Cascade (GO:0070372),1/244,0.1370001170893882,0.1547295440068385,0,0,7.386831275720165,14.683347447673748,GSTP1,M-TAL
GO_Biological_Process_2023,Positive Regulation Of DNA-binding Transcription Factor Activity (GO:0051091),1/246,0.1380482138948374,0.1550015033205191,0,0,7.325788497217069,14.506176786719823,AKR1B1,M-TAL
GO_Biological_Process_2023,Cellular Component Assembly (GO:0022607),1/260,0.1453522835134185,0.1622537118289323,0,0,6.924885924885925,13.35529996626614,AIF1L,M-TAL
GO_Biological_Process_2023,Plasma Membrane Bounded Cell Projection Assembly (GO:0120031),1/275,0.1531150791162131,0.1699311860711729,0,0,6.540809555408096,12.27425748328641,AIF1L,M-TAL
GO_Biological_Process_2023,Positive Regulation Of Cell Differentiation (GO:0045597),1/283,0.1572287574408047,0.1725024081636257,0,0,6.352675693101225,11.752789775516051,AKR1B1,M-TAL
GO_Biological_Process_2023,Central Nervous System Development (GO:0007417),1/283,0.1572287574408047,0.1725024081636257,0,0,6.352675693101225,11.752789775516051,GSTP1,M-TAL
GO_Biological_Process_2023,Gene Expression (GO:0010467),1/296,0.1638744358162797,0.1787721117995778,0,0,6.068721109399076,10.976221441016444,MRPS6,M-TAL
GO_Biological_Process_2023,Positive Regulation Of DNA-templated Transcription (GO:0045893),2/1243,0.1687394878684091,0.1830394444674268,0,0,3.021273166800967,5.376051192799384,AKR1B1;S100A10,M-TAL
GO_Biological_Process_2023,Positive Regulation Of Macromolecule Metabolic Process (GO:0010604),1/364,0.1978603533366429,0.2134224035990754,0,0,4.914850989231154,7.963011018585761,AKR1B1,M-TAL
GO_Biological_Process_2023,Negative Regulation Of Programmed Cell Death (GO:0043069),1/381,0.2061565819967478,0.2211288477283552,0,0,4.6909090909090905,7.407505043162673,GSTP1,M-TAL
GO_Biological_Process_2023,Positive Regulation Of Multicellular Organismal Process (GO:0051240),1/387,0.2090658323000347,0.2230035544533703,0,0,4.616580310880829,7.2254379573815966,ENO1,M-TAL
GO_Biological_Process_2023,Cellular Response To Oxygen-Containing Compound (GO:1901701),1/406,0.2182141045563773,0.2314757352200246,0,0,4.395735129068463,6.691533373961726,GSTP1,M-TAL
GO_Biological_Process_2023,Vesicle-Mediated Transport (GO:0016192),1/411,0.2206053695679061,0.2327265437199888,0,0,4.341019955654102,6.56093001005214,S100A10,M-TAL
GO_Biological_Process_2023,Nervous System Development (GO:0007399),1/433,0.2310474935033363,0.242410484987107,0,0,4.115319865319865,6.029486783809945,GSTP1,M-TAL
GO_Biological_Process_2023,Negative Regulation Of Nucleic Acid-Templated Transcription (GO:1903507),1/456,0.2418270105730708,0.2523412284240739,0,0,3.902697302697303,5.540006208273008,ENO1,M-TAL
GO_Biological_Process_2023,Positive Regulation Of Gene Expression (GO:0010628),1/480,0.2529273702082498,0.2620342111545383,0,0,3.7026001138736,5.089790005344472,AKR1B1,M-TAL
GO_Biological_Process_2023,Negative Regulation Of Apoptotic Process (GO:0043066),1/482,0.253845642055959,0.2620342111545383,0,0,3.686826686826687,5.0547459558600085,GSTP1,M-TAL
GO_Biological_Process_2023,Positive Regulation Of Nucleic Acid-Templated Transcription (GO:1903508),1/557,0.287543109206907,0.2952314276348993,0,0,3.1772400261608893,3.960056318986918,AKR1B1,M-TAL
GO_Biological_Process_2023,Positive Regulation Of Cellular Process (GO:0048522),1/594,0.3036480368997881,0.3101086334295708,0,0,2.973325157136287,3.543864692668134,AKR1B1,M-TAL
GO_Biological_Process_2023,Regulation Of DNA-templated Transcription (GO:0006355),2/1922,0.3230199516820758,0.3281472525024262,0,0,1.882083333333333,2.126831685451284,AKR1B1;ENO1,M-TAL
GO_Biological_Process_2023,Regulation Of Apoptotic Process (GO:0042981),1/705,0.3499819453756352,0.3536659658532735,0,0,2.490185950413223,2.614380763521224,GSTP1,M-TAL
GO_Biological_Process_2023,Regulation Of Cell Population Proliferation (GO:0042127),1/766,0.3742243233311572,0.3761836129821056,0,0,2.2843731431966727,2.245310057186404,AKR1B1,M-TAL
GO_Biological_Process_2023,Regulation Of Gene Expression (GO:0010468),1/1127,0.5015216672674722,0.5015216672674722,0,0,1.5228483772000645,1.0509305599664325,AKR1B1,M-TAL
KEGG_2021_Human,Glutathione metabolism,3/57,4.741009944210548e-06,9.482019888421096e-05,0,0,123.04938271604938,1508.494421890328,GSTM3;GSTP1;MGST3,M-TAL
KEGG_2021_Human,Metabolism of xenobiotics by cytochrome P450,3/76,1.131793592175856e-05,0.0001131793592175856,0,0,90.93607305936074,1035.6820158044331,GSTM3;GSTP1;MGST3,M-TAL
KEGG_2021_Human,Drug metabolism,3/108,3.251469261094938e-05,0.00021676461740632923,0,0,63.12063492063492,652.2771842717509,GSTM3;GSTP1;MGST3,M-TAL
KEGG_2021_Human,Fluid shear stress and atherosclerosis,3/139,6.902859933932053e-05,0.00034514299669660263,0,0,48.65686274509804,466.1808986572557,GSTM3;GSTP1;MGST3,M-TAL
KEGG_2021_Human,Hepatocellular carcinoma,3/168,0.00012113999266658022,0.0004845599706663209,0,0,40.04646464646465,361.1615930526552,GSTM3;GSTP1;MGST3,M-TAL
KEGG_2021_Human,Chemical carcinogenesis,3/239,0.0003423218126289937,0.0011410727087633,0,0,27.89830508474576,222.621759195884,GSTM3;GSTP1;MGST3,M-TAL
KEGG_2021_Human,Pathways in cancer,3/531,0.0034233747458488,0.0097810707024254,0,0,12.285353535353536,69.74553003271812,GSTM3;GSTP1;MGST3,M-TAL
KEGG_2021_Human,Folate biosynthesis,1/26,0.0154930404733183,0.0367558040349255,0,0,72.59272727272727,302.5203442580517,AKR1B1,M-TAL
KEGG_2021_Human,Galactose metabolism,1/31,0.0184471364708874,0.0367558040349255,0,0,60.47878787878788,241.4824938489569,AKR1B1,M-TAL
KEGG_2021_Human,Fructose and mannose metabolism,1/33,0.0196264984148835,0.0367558040349255,0,0,56.69318181818182,222.85379213708367,AKR1B1,M-TAL
KEGG_2021_Human,Pentose and glucuronate interconversions,1/34,0.020215692219209,0.0367558040349255,0,0,54.972451790633606,214.4638136267328,AKR1B1,M-TAL
KEGG_2021_Human,Glycerolipid metabolism,1/61,0.0360017661286567,0.0600029435477613,0,0,30.193939393939395,100.37030934492944,AKR1B1,M-TAL
KEGG_2021_Human,Glycolysis / Gluconeogenesis,1/67,0.0394779688739908,0.0607353367292167,0,0,27.44077134986226,88.6889163609223,ENO1,M-TAL
KEGG_2021_Human,RNA degradation,1/79,0.0463959280371103,0.0641576888512028,0,0,23.205128205128204,71.25235746632562,ENO1,M-TAL
KEGG_2021_Human,Peroxisome,1/82,0.0481182666384021,0.0641576888512028,0,0,22.34231200897868,67.78866163441084,PRDX1,M-TAL
KEGG_2021_Human,Prostate cancer,1/97,0.0566872670654609,0.0700327637645088,0,0,18.83712121212121,54.06641192516822,GSTP1,M-TAL
KEGG_2021_Human,Amoebiasis,1/102,0.0595278491998325,0.0700327637645088,0,0,17.900090009000902,50.50172123995827,PRDX1,M-TAL
KEGG_2021_Human,HIF-1 signaling pathway,1/109,0.0634914927174997,0.0705461030194441,0,0,16.734006734006734,46.13313567140337,ENO1,M-TAL
KEGG_2021_Human,Ribosome,1/158,0.0908110978807797,0.0955906293481891,0,0,11.48291835552982,27.547220023939616,MRPS6,M-TAL
KEGG_2021_Human,Salmonella infection,1/249,0.1396181714887919,0.1396181714887919,0,0,7.236070381231672,14.24669323894371,S100A10,M-TAL
Reactome_2022,Glutathione Conjugation R-HSA-156590,3/36,1.165114570912483e-06,6.524641597109904e-05,0,0,201.56565656565652,2753.929308405045,GSTM3;GSTP1;MGST3,M-TAL
Reactome_2022,Phase II - Conjugation Of Compounds R-HSA-156580,3/107,3.162219148658321e-05,0.0008854213616243299,0,0,63.73076923076923,660.3560156002032,GSTM3;GSTP1;MGST3,M-TAL
Reactome_2022,Detoxification Of Reactive Oxygen Species R-HSA-3299685,2/34,0.0001831680104570772,0.0034191361951987,0,0,124.725,1073.2719376950276,GSTP1;PRDX1,M-TAL
Reactome_2022,Biological Oxidations R-HSA-211859,3/218,0.00026131924633403627,0.0036584694486765,0,0,30.655813953488373,252.9033447537963,GSTM3;GSTP1;MGST3,M-TAL
Reactome_2022,Fructose Metabolism R-HSA-5652084,1/7,0.0041930151049605,0.0409529910061862,0,0,302.7575757575757,1657.3964565725007,AKR1B1,M-TAL
Reactome_2022,Metabolism R-HSA-1430728,5/2049,0.0047972223470583,0.0409529910061862,0,0,6.270617836175566,33.48333222434438,GSTM3;GSTP1;MGST3;AKR1B1;ENO1,M-TAL
Reactome_2022,Cellular Response To Chemical Stress R-HSA-9711123,2/182,0.0051191238757732,0.0409529910061862,0,0,22.00888888888889,116.09187025887296,GSTP1;PRDX1,M-TAL
Reactome_2022,Pregnenolone Biosynthesis R-HSA-196108,1/12,0.0071781707148818,0.0483729070695607,0,0,165.099173553719,815.046857216495,AKR1B1,M-TAL
Reactome_2022,Dissolution Of Fibrin Clot R-HSA-75205,1/13,0.0077742172076079,0.0483729070695607,0,0,151.33333333333334,735.0172993440868,S100A10,M-TAL
Reactome_2022,Aflatoxin Activation And Detoxification R-HSA-5423646,1/19,0.0113436160025479,0.0565337203580191,0,0,100.85858585858584,451.7557080600296,MGST3,M-TAL
Reactome_2022,Metabolism Of Carbohydrates R-HSA-71387,2/285,0.0121538305307875,0.0565337203580191,0,0,13.925795053003531,61.41430039927055,AKR1B1;ENO1,M-TAL
Reactome_2022,Deregulated CDK5 Triggers Neurodegenerative Pathways In Alzheimers Disease Models R-HSA-8862803,1/21,0.0125307982775315,0.0565337203580191,0,0,90.76363636363637,397.5053179562565,PRDX1,M-TAL
Reactome_2022,Response Of Mtb To Phagocytosis R-HSA-9637690,1/22,0.0131238993688258,0.0565337203580191,0,0,86.43722943722943,374.560203730456,ENO1,M-TAL
Reactome_2022,Defective Intrinsic Pathway For Apoptosis R-HSA-9734009,1/24,0.014309122256811,0.0572364890272441,0,0,78.91304347826087,335.1324919763037,PRDX1,M-TAL
Reactome_2022,Infection With Mycobacterium Tuberculosis R-HSA-9635486,1/26,0.0154930404733183,0.0578406844337218,0,0,72.59272727272727,302.5203442580517,ENO1,M-TAL
Reactome_2022,Paracetamol ADME R-HSA-9753281,1/28,0.0166756552976705,0.0583647935418467,0,0,67.20875420875421,275.1395602176083,GSTP1,M-TAL
Reactome_2022,Gluconeogenesis R-HSA-70263,1/32,0.0190369798873027,0.0610602172907488,0,0,58.52492668621701,231.83899894541256,ENO1,M-TAL
Reactome_2022,Signaling By High-Kinase Activity BRAF Mutants R-HSA-6802948,1/33,0.0196264984148835,0.0610602172907488,0,0,56.69318181818182,222.85379213708367,PEBP1,M-TAL
Reactome_2022,Metabolism Of Steroid Hormones R-HSA-196071,1/35,0.0208045614562384,0.0613187074499659,0,0,53.35294117647059,206.61369382894844,AKR1B1,M-TAL
Reactome_2022,MAP2K And MAPK Activation R-HSA-5674135,1/37,0.0219813268798694,0.0615477152636344,0,0,50.38383838383838,192.34342502593887,PEBP1,M-TAL
Reactome_2022,Paradoxical Activation Of RAF Signaling By Kinase Inactive BRAF R-HSA-6802955,1/41,0.0243309700172123,0.0619333782256314,0,0,45.33636363636364,168.47016546086343,PEBP1,M-TAL
Reactome_2022,Negative Regulation Of MAPK Pathway R-HSA-5675221,1/41,0.0243309700172123,0.0619333782256314,0,0,45.33636363636364,168.47016546086343,PEBP1,M-TAL
Reactome_2022,Signaling By BRAF And RAF1 Fusions R-HSA-6802952,1/62,0.0365819328842958,0.086923320379049,0,0,29.69746646795827,98.24518225287432,PEBP1,M-TAL
Reactome_2022,Glycolysis R-HSA-70171,1/69,0.0406341472797855,0.086923320379049,0,0,26.63101604278075,85.30304582535365,ENO1,M-TAL
Reactome_2022,Diseases Of Programmed Cell Death R-HSA-9645723,1/71,0.0417890499051231,0.086923320379049,0,0,25.867532467532467,82.13254394590726,PRDX1,M-TAL
Reactome_2022,Oncogenic MAPK Signaling R-HSA-6802957,1/78,0.0458211806762041,0.086923320379049,0,0,23.50767414403778,72.47436706660488,PEBP1,M-TAL
Reactome_2022,Nuclear Events Mediated By NFE2L2 R-HSA-9759194,1/78,0.0458211806762041,0.086923320379049,0,0,23.50767414403778,72.47436706660488,PRDX1,M-TAL
Reactome_2022,TP53 Regulates Metabolic Genes R-HSA-5628897,1/81,0.0475444708576345,0.086923320379049,0,0,22.62272727272727,68.91085828119516,PRDX1,M-TAL
Reactome_2022,Mitochondrial Translation Elongation R-HSA-5389840,1/82,0.0481182666384021,0.086923320379049,0,0,22.34231200897868,67.78866163441084,MRPS6,M-TAL
Reactome_2022,Mitochondrial Translation Initiation R-HSA-5368286,1/82,0.0481182666384021,0.086923320379049,0,0,22.34231200897868,67.78866163441084,MRPS6,M-TAL
Reactome_2022,Mitochondrial Translation Termination R-HSA-5419276,1/82,0.0481182666384021,0.086923320379049,0,0,22.34231200897868,67.78866163441084,MRPS6,M-TAL
Reactome_2022,Mitochondrial Translation R-HSA-5368287,1/88,0.051554392476265,0.0884561973843254,0,0,20.79519331243469,61.66019917757629,MRPS6,M-TAL
Reactome_2022,Glucose Metabolism R-HSA-70326,1/89,0.0521259734586203,0.0884561973843254,0,0,20.55785123966942,60.72978231311063,ENO1,M-TAL
Reactome_2022,Drug ADME R-HSA-9748784,1/95,0.0555488338237398,0.0914921968861598,0,0,19.239845261121857,55.612633361315446,GSTP1,M-TAL
Reactome_2022,KEAP1-NFE2L2 Pathway R-HSA-9755511,1/100,0.0583925585800791,0.0934280937281266,0,0,18.26354453627181,51.878818604154176,PRDX1,M-TAL
Reactome_2022,Cellular Responses To Stress R-HSA-2262752,2/722,0.0675992636149104,0.1051544100676384,0,0,5.352222222222222,14.419733330755982,GSTP1;PRDX1,M-TAL
Reactome_2022,Cellular Responses To Stimuli R-HSA-8953897,2/736,0.0699226171746839,0.1058288259941161,0,0,5.246321525885558,13.95713602817592,GSTP1;PRDX1,M-TAL
Reactome_2022,Disease R-HSA-1643685,3/1736,0.0793917500418054,0.1169983684826607,0,0,3.5112521638776686,8.89526866069714,PRDX1;PEBP1;ENO1,M-TAL
Reactome_2022,Metabolism Of Steroids R-HSA-8957322,1/153,0.0880572385368459,0.126441163027266,0,0,11.863636363636363,28.82588682388105,AKR1B1,M-TAL
Reactome_2022,RAF/MAP Kinase Cascade R-HSA-5673001,1/271,0.1510513451635859,0.2082694115531135,0,0,6.639057239057239,12.548717546817846,PEBP1,M-TAL
Reactome_2022,MAPK1/MAPK3 Signaling R-HSA-5684996,1/277,0.154145220672624,0.2082694115531135,0,0,6.492753623188406,12.140541130828264,PEBP1,M-TAL
Reactome_2022,Translation R-HSA-72766,1/281,0.1562020586648351,0.2082694115531135,0,0,6.398701298701298,11.879859941596717,MRPS6,M-TAL
Reactome_2022,MAPK Family Signaling Cascades R-HSA-5683057,1/318,0.1750116283938956,0.2279221206990269,0,0,5.641238887295669,9.832131386668028,PEBP1,M-TAL
Reactome_2022,Transcriptional Regulation By TP53 R-HSA-3700989,1/354,0.1929431695965842,0.2455640340320163,0,0,5.056657223796034,8.320019464036454,PRDX1,M-TAL
Reactome_2022,Diseases Of Signal Transduction By Growth Factor Receptors And Second Messengers R-HSA-5663202,1/424,0.2267913153020966,0.2822291923759425,0,0,4.20481409843112,6.238787798953713,PEBP1,M-TAL
Reactome_2022,Neutrophil Degranulation R-HSA-6798695,1/468,0.2473959500326678,0.3011776783006391,0,0,3.800077866459023,5.307816480409327,GSTP1,M-TAL
Reactome_2022,Hemostasis R-HSA-109582,1/576,0.2958553649458883,0.3525085199355265,0,0,3.069249011857708,3.737991031497327,S100A10,M-TAL
Reactome_2022,Metabolism Of Lipids R-HSA-556833,1/732,0.3608164264226282,0.4209524974930663,0,0,2.3948513866434524,2.4412778895327047,AKR1B1,M-TAL
Reactome_2022,Infectious Disease R-HSA-5663205,1/961,0.4462703633535549,0.5100232724040628,0,0,1.8018939393939395,1.453822654293592,ENO1,M-TAL
Reactome_2022,Innate Immune System R-HSA-168249,1/1035,0.4715590201358365,0.528146102552137,0,0,1.6664322138209953,1.2526754416827228,GSTP1,M-TAL
Reactome_2022,Generic Transcription Pathway R-HSA-212436,1/1190,0.5211323457535122,0.572223752199935,0,0,1.4373423044575273,0.936789639191859,PRDX1,M-TAL
Reactome_2022,RNA Polymerase II Transcription R-HSA-73857,1/1312,0.5571119216154972,0.5999666848166892,0,0,1.295125164690382,0.7576341339654564,PRDX1,M-TAL
Reactome_2022,Gene Expression (Transcription) R-HSA-74160,1/1449,0.5945505089742483,0.6282043113690171,0,0,1.1639879457559017,0.6052150738224366,PRDX1,M-TAL
Reactome_2022,Metabolism Of Proteins R-HSA-392499,1/1890,0.6962522699680521,0.7196026067336149,0,0,0.8710236296260647,0.315348206071308,MRPS6,M-TAL
Reactome_2022,Immune System R-HSA-168256,1/1943,0.7067525601848004,0.7196026067336149,0,0,0.8447710888493587,0.2931986383888232,GSTP1,M-TAL
Reactome_2022,Signal Transduction R-HSA-162582,1/2465,0.7937899469142604,0.7937899469142604,0,0,0.6465466351829988,0.1493111544434605,PEBP1,M-TAL
